category,item,scenario_1_family_of_four_ontario_works,scenario_6_one_person_household_ontario_disability_support_program,scenario_7_one_person_household_old_age_security_guaranteed_annual_income_supplement,scenario_8_married_couple_ontario_disability_support_program,scenario_9_single_pregnant_person_ontario_disability_support_program,scenario_10_single_person_household_full_time_minimum_wage_earner,scenario_11_single_person_minimum_wage_earner,x14,x15,x16,x17,x18,x19,x20,x21,x22,x23,x24,x25,x26,x27,scenario,values
Income,Income from Employment,NA,NA,NA,NA,NA,"$2,687.00","$2,687.00",NA,NA,NA,NA,NA,NA,NA,NA,NA,NA,NA,NA,NA,NA,scenario_2_family_of_four_full_time_minimum_wage_earner,"$2,687.00"
Income,Income from Employment,NA,NA,NA,NA,NA,"$2,687.00","$2,687.00",NA,NA,NA,NA,NA,NA,NA,NA,NA,NA,NA,NA,NA,NA,scenario_3_family_of_four_median_income,"$9,575.00"
Income,Income from Employment,NA,NA,NA,NA,NA,"$2,687.00","$2,687.00",NA,NA,NA,NA,NA,NA,NA,NA,NA,NA,NA,NA,NA,NA,scenario_4_single_parent_household_with_2_children_ontario_works,NA
Income,Income from Employment,NA,NA,NA,NA,NA,"$2,687.00","$2,687.00",NA,NA,NA,NA,NA,NA,NA,NA,NA,NA,NA,NA,NA,NA,scenario_5_one_person_household_ontario_works,NA
Income,Basic Allowance,$494.00,$706.00,NA,"$1,409.00",$706.00,NA,NA,NA,NA,NA,NA,NA,NA,NA,NA,NA,NA,NA,NA,NA,NA,scenario_2_family_of_four_full_time_minimum_wage_earner,NA
Income,Basic Allowance,$494.00,$706.00,NA,"$1,409.00",$706.00,NA,NA,NA,NA,NA,NA,NA,NA,NA,NA,NA,NA,NA,NA,NA,NA,scenario_3_family_of_four_median_income,NA
Income,Basic Allowance,$494.00,$706.00,NA,"$1,409.00",$706.00,NA,NA,NA,NA,NA,NA,NA,NA,NA,NA,NA,NA,NA,NA,NA,NA,scenario_4_single_parent_household_with_2_children_ontario_works,$360.00
Income,Basic Allowance,$494.00,$706.00,NA,"$1,409.00",$706.00,NA,NA,NA,NA,NA,NA,NA,NA,NA,NA,NA,NA,NA,NA,NA,NA,scenario_5_one_person_household_ontario_works,$343.00
Income,Maximum Shelter Allowance,$756.00,$522.00,NA,$821.00,$522.00,NA,NA,NA,NA,NA,NA,NA,NA,NA,NA,NA,NA,NA,NA,NA,NA,scenario_2_family_of_four_full_time_minimum_wage_earner,NA
Income,Maximum Shelter Allowance,$756.00,$522.00,NA,$821.00,$522.00,NA,NA,NA,NA,NA,NA,NA,NA,NA,NA,NA,NA,NA,NA,NA,NA,scenario_3_family_of_four_median_income,NA
Income,Maximum Shelter Allowance,$756.00,$522.00,NA,$821.00,$522.00,NA,NA,NA,NA,NA,NA,NA,NA,NA,NA,NA,NA,NA,NA,NA,NA,scenario_4_single_parent_household_with_2_children_ontario_works,$697.00
Income,Maximum Shelter Allowance,$756.00,$522.00,NA,$821.00,$522.00,NA,NA,NA,NA,NA,NA,NA,NA,NA,NA,NA,NA,NA,NA,NA,NA,scenario_5_one_person_household_ontario_works,$390.00
Income,Old Age Security/Guaranteed Income Supplement,NA,NA,"$1,723.00",NA,NA,NA,NA,NA,NA,NA,NA,NA,NA,NA,NA,NA,NA,NA,NA,NA,NA,scenario_2_family_of_four_full_time_minimum_wage_earner,NA
Income,Old Age Security/Guaranteed Income Supplement,NA,NA,"$1,723.00",NA,NA,NA,NA,NA,NA,NA,NA,NA,NA,NA,NA,NA,NA,NA,NA,NA,NA,scenario_3_family_of_four_median_income,NA
Income,Old Age Security/Guaranteed Income Supplement,NA,NA,"$1,723.00",NA,NA,NA,NA,NA,NA,NA,NA,NA,NA,NA,NA,NA,NA,NA,NA,NA,NA,scenario_4_single_parent_household_with_2_children_ontario_works,NA
Income,Old Age Security/Guaranteed Income Supplement,NA,NA,"$1,723.00",NA,NA,NA,NA,NA,NA,NA,NA,NA,NA,NA,NA,NA,NA,NA,NA,NA,NA,scenario_5_one_person_household_ontario_works,NA
Income,Ontario Guaranteed Annual Income System,NA,NA,$83.00,NA,NA,NA,NA,NA,NA,NA,NA,NA,NA,NA,NA,NA,NA,NA,NA,NA,NA,scenario_2_family_of_four_full_time_minimum_wage_earner,NA
Income,Ontario Guaranteed Annual Income System,NA,NA,$83.00,NA,NA,NA,NA,NA,NA,NA,NA,NA,NA,NA,NA,NA,NA,NA,NA,NA,NA,scenario_3_family_of_four_median_income,NA
Income,Ontario Guaranteed Annual Income System,NA,NA,$83.00,NA,NA,NA,NA,NA,NA,NA,NA,NA,NA,NA,NA,NA,NA,NA,NA,NA,NA,scenario_4_single_parent_household_with_2_children_ontario_works,NA
Income,Ontario Guaranteed Annual Income System,NA,NA,$83.00,NA,NA,NA,NA,NA,NA,NA,NA,NA,NA,NA,NA,NA,NA,NA,NA,NA,NA,scenario_5_one_person_household_ontario_works,NA
Income,Canada Child Benefit,"$1,235.00",NA,NA,NA,NA,"$1,375.00",NA,NA,NA,NA,NA,NA,NA,NA,NA,NA,NA,NA,NA,NA,NA,scenario_2_family_of_four_full_time_minimum_wage_earner,"$1,192.00"
Income,Canada Child Benefit,"$1,235.00",NA,NA,NA,NA,"$1,375.00",NA,NA,NA,NA,NA,NA,NA,NA,NA,NA,NA,NA,NA,NA,NA,scenario_3_family_of_four_median_income,$248.00
Income,Canada Child Benefit,"$1,235.00",NA,NA,NA,NA,"$1,375.00",NA,NA,NA,NA,NA,NA,NA,NA,NA,NA,NA,NA,NA,NA,NA,scenario_4_single_parent_household_with_2_children_ontario_works,"$1,235.00"
Income,Canada Child Benefit,"$1,235.00",NA,NA,NA,NA,"$1,375.00",NA,NA,NA,NA,NA,NA,NA,NA,NA,NA,NA,NA,NA,NA,NA,scenario_5_one_person_household_ontario_works,NA
Income,GST/HST credit,$78.00,$32.00,$39.00,$51.00,$32.00,$78.00,$39.00,NA,NA,NA,NA,NA,NA,NA,NA,NA,NA,NA,NA,NA,NA,scenario_2_family_of_four_full_time_minimum_wage_earner,$78.00
Income,GST/HST credit,$78.00,$32.00,$39.00,$51.00,$32.00,$78.00,$39.00,NA,NA,NA,NA,NA,NA,NA,NA,NA,NA,NA,NA,NA,NA,scenario_3_family_of_four_median_income,NA
Income,GST/HST credit,$78.00,$32.00,$39.00,$51.00,$32.00,$78.00,$39.00,NA,NA,NA,NA,NA,NA,NA,NA,NA,NA,NA,NA,NA,NA,scenario_4_single_parent_household_with_2_children_ontario_works,$78.00
Income,GST/HST credit,$78.00,$32.00,$39.00,$51.00,$32.00,$78.00,$39.00,NA,NA,NA,NA,NA,NA,NA,NA,NA,NA,NA,NA,NA,NA,scenario_5_one_person_household_ontario_works,$26.00
Income,Ontario Trillium Benefit,$201.00,$95.00,$133.00,$122.00,$95.00,$164.00,$64.00,NA,NA,NA,NA,NA,NA,NA,NA,NA,NA,NA,NA,NA,NA,scenario_2_family_of_four_full_time_minimum_wage_earner,$201.00
Income,Ontario Trillium Benefit,$201.00,$95.00,$133.00,$122.00,$95.00,$164.00,$64.00,NA,NA,NA,NA,NA,NA,NA,NA,NA,NA,NA,NA,NA,NA,scenario_3_family_of_four_median_income,NA
Income,Ontario Trillium Benefit,$201.00,$95.00,$133.00,$122.00,$95.00,$164.00,$64.00,NA,NA,NA,NA,NA,NA,NA,NA,NA,NA,NA,NA,NA,NA,scenario_4_single_parent_household_with_2_children_ontario_works,$164.00
Income,Ontario Trillium Benefit,$201.00,$95.00,$133.00,$122.00,$95.00,$164.00,$64.00,NA,NA,NA,NA,NA,NA,NA,NA,NA,NA,NA,NA,NA,NA,scenario_5_one_person_household_ontario_works,$87.00
Income,Canada Worker Benefit,NA,NA,NA,NA,NA,$159.00,$159.00,NA,NA,NA,NA,NA,NA,NA,NA,NA,NA,NA,NA,NA,NA,scenario_2_family_of_four_full_time_minimum_wage_earner,$159.00
Income,Canada Worker Benefit,NA,NA,NA,NA,NA,$159.00,$159.00,NA,NA,NA,NA,NA,NA,NA,NA,NA,NA,NA,NA,NA,NA,scenario_3_family_of_four_median_income,NA
Income,Canada Worker Benefit,NA,NA,NA,NA,NA,$159.00,$159.00,NA,NA,NA,NA,NA,NA,NA,NA,NA,NA,NA,NA,NA,NA,scenario_4_single_parent_household_with_2_children_ontario_works,NA
Income,Canada Worker Benefit,NA,NA,NA,NA,NA,$159.00,$159.00,NA,NA,NA,NA,NA,NA,NA,NA,NA,NA,NA,NA,NA,NA,scenario_5_one_person_household_ontario_works,NA
Employment Deduction,Employment Insurance paid,NA,NA,NA,NA,NA,-$44.00,-$44.00,NA,NA,NA,NA,NA,NA,NA,NA,NA,NA,NA,NA,NA,NA,scenario_2_family_of_four_full_time_minimum_wage_earner,-$44.00
Employment Deduction,Employment Insurance paid,NA,NA,NA,NA,NA,-$44.00,-$44.00,NA,NA,NA,NA,NA,NA,NA,NA,NA,NA,NA,NA,NA,NA,scenario_3_family_of_four_median_income,-$137.00
Employment Deduction,Employment Insurance paid,NA,NA,NA,NA,NA,-$44.00,-$44.00,NA,NA,NA,NA,NA,NA,NA,NA,NA,NA,NA,NA,NA,NA,scenario_4_single_parent_household_with_2_children_ontario_works,NA
Employment Deduction,Employment Insurance paid,NA,NA,NA,NA,NA,-$44.00,-$44.00,NA,NA,NA,NA,NA,NA,NA,NA,NA,NA,NA,NA,NA,NA,scenario_5_one_person_household_ontario_works,NA
Employment Deduction,Canada Pension Plan paid,NA,NA,NA,NA,NA,-$143.00,-$143.00,NA,NA,NA,NA,NA,NA,NA,NA,NA,NA,NA,NA,NA,NA,scenario_2_family_of_four_full_time_minimum_wage_earner,-$143.00
Employment Deduction,Canada Pension Plan paid,NA,NA,NA,NA,NA,-$143.00,-$143.00,NA,NA,NA,NA,NA,NA,NA,NA,NA,NA,NA,NA,NA,NA,scenario_3_family_of_four_median_income,-$464.00
Employment Deduction,Canada Pension Plan paid,NA,NA,NA,NA,NA,-$143.00,-$143.00,NA,NA,NA,NA,NA,NA,NA,NA,NA,NA,NA,NA,NA,NA,scenario_4_single_parent_household_with_2_children_ontario_works,NA
Employment Deduction,Canada Pension Plan paid,NA,NA,NA,NA,NA,-$143.00,-$143.00,NA,NA,NA,NA,NA,NA,NA,NA,NA,NA,NA,NA,NA,NA,scenario_5_one_person_household_ontario_works,NA
Income,Climate Action Incentive Payment (CAIP),$62.00,$31.00,$31.00,$47.00,$31.00,$54.00,$31.00,NA,NA,NA,NA,NA,NA,NA,NA,NA,NA,NA,NA,NA,NA,scenario_2_family_of_four_full_time_minimum_wage_earner,$62.00
Income,Climate Action Incentive Payment (CAIP),$62.00,$31.00,$31.00,$47.00,$31.00,$54.00,$31.00,NA,NA,NA,NA,NA,NA,NA,NA,NA,NA,NA,NA,NA,NA,scenario_3_family_of_four_median_income,$62.00
Income,Climate Action Incentive Payment (CAIP),$62.00,$31.00,$31.00,$47.00,$31.00,$54.00,$31.00,NA,NA,NA,NA,NA,NA,NA,NA,NA,NA,NA,NA,NA,NA,scenario_4_single_parent_household_with_2_children_ontario_works,$54.00
Income,Climate Action Incentive Payment (CAIP),$62.00,$31.00,$31.00,$47.00,$31.00,$54.00,$31.00,NA,NA,NA,NA,NA,NA,NA,NA,NA,NA,NA,NA,NA,NA,scenario_5_one_person_household_ontario_works,$31.00
Income,Pregnancy/Breast-feeding Nutritional Allowance (non-lactose intolerant),NA,NA,NA,NA,$40.00,NA,NA,NA,NA,NA,NA,NA,NA,NA,NA,NA,NA,NA,NA,NA,NA,scenario_2_family_of_four_full_time_minimum_wage_earner,NA
Income,Pregnancy/Breast-feeding Nutritional Allowance (non-lactose intolerant),NA,NA,NA,NA,$40.00,NA,NA,NA,NA,NA,NA,NA,NA,NA,NA,NA,NA,NA,NA,NA,NA,scenario_3_family_of_four_median_income,NA
Income,Pregnancy/Breast-feeding Nutritional Allowance (non-lactose intolerant),NA,NA,NA,NA,$40.00,NA,NA,NA,NA,NA,NA,NA,NA,NA,NA,NA,NA,NA,NA,NA,NA,scenario_4_single_parent_household_with_2_children_ontario_works,NA
Income,Pregnancy/Breast-feeding Nutritional Allowance (non-lactose intolerant),NA,NA,NA,NA,$40.00,NA,NA,NA,NA,NA,NA,NA,NA,NA,NA,NA,NA,NA,NA,NA,NA,scenario_5_one_person_household_ontario_works,NA
Income,Total,"$2,826.00","$1,386.00","$2,009.00","$2,450.00","$1,426.00","$4,330.00","$2,793.00",NA,NA,NA,NA,NA,NA,NA,NA,NA,NA,NA,NA,NA,NA,scenario_2_family_of_four_full_time_minimum_wage_earner,"$4,192.00"
Income,Total,"$2,826.00","$1,386.00","$2,009.00","$2,450.00","$1,426.00","$4,330.00","$2,793.00",NA,NA,NA,NA,NA,NA,NA,NA,NA,NA,NA,NA,NA,NA,scenario_3_family_of_four_median_income,"$9,284.00"
Income,Total,"$2,826.00","$1,386.00","$2,009.00","$2,450.00","$1,426.00","$4,330.00","$2,793.00",NA,NA,NA,NA,NA,NA,NA,NA,NA,NA,NA,NA,NA,NA,scenario_4_single_parent_household_with_2_children_ontario_works,"$2,588.00"
Income,Total,"$2,826.00","$1,386.00","$2,009.00","$2,450.00","$1,426.00","$4,330.00","$2,793.00",NA,NA,NA,NA,NA,NA,NA,NA,NA,NA,NA,NA,NA,NA,scenario_5_one_person_household_ontario_works,$877.00
Selected Expenses,Average Monthly Rent,"$4,549.00","$2,531.00","$2,531.00","$2,531.00","$2,531.00","$3,323.00","$2,092.00",NA,NA,NA,NA,NA,NA,NA,NA,NA,NA,NA,NA,NA,NA,scenario_2_family_of_four_full_time_minimum_wage_earner,"$4,549.00"
Selected Expenses,Average Monthly Rent,"$4,549.00","$2,531.00","$2,531.00","$2,531.00","$2,531.00","$3,323.00","$2,092.00",NA,NA,NA,NA,NA,NA,NA,NA,NA,NA,NA,NA,NA,NA,scenario_3_family_of_four_median_income,"$4,549.00"
Selected Expenses,Average Monthly Rent,"$4,549.00","$2,531.00","$2,531.00","$2,531.00","$2,531.00","$3,323.00","$2,092.00",NA,NA,NA,NA,NA,NA,NA,NA,NA,NA,NA,NA,NA,NA,scenario_4_single_parent_household_with_2_children_ontario_works,"$3,323.00"
Selected Expenses,Average Monthly Rent,"$4,549.00","$2,531.00","$2,531.00","$2,531.00","$2,531.00","$3,323.00","$2,092.00",NA,NA,NA,NA,NA,NA,NA,NA,NA,NA,NA,NA,NA,NA,scenario_5_one_person_household_ontario_works,"$2,092.00"
Selected Expenses,Food,"$1,177.00",$422.00,$304.00,$705.00,$401.00,$751.00,$351.00,NA,NA,NA,NA,NA,NA,NA,NA,NA,NA,NA,NA,NA,NA,scenario_2_family_of_four_full_time_minimum_wage_earner,"$1,177.00"
Selected Expenses,Food,"$1,177.00",$422.00,$304.00,$705.00,$401.00,$751.00,$351.00,NA,NA,NA,NA,NA,NA,NA,NA,NA,NA,NA,NA,NA,NA,scenario_3_family_of_four_median_income,"$1,177.00"
Selected Expenses,Food,"$1,177.00",$422.00,$304.00,$705.00,$401.00,$751.00,$351.00,NA,NA,NA,NA,NA,NA,NA,NA,NA,NA,NA,NA,NA,NA,scenario_4_single_parent_household_with_2_children_ontario_works,$866.00
Selected Expenses,Food,"$1,177.00",$422.00,$304.00,$705.00,$401.00,$751.00,$351.00,NA,NA,NA,NA,NA,NA,NA,NA,NA,NA,NA,NA,NA,NA,scenario_5_one_person_household_ontario_works,$422.00
Selected Expenses,Childcare,$637.00,NA,NA,NA,NA,"$1,414.00",NA,NA,NA,NA,NA,NA,NA,NA,NA,NA,NA,NA,NA,NA,NA,scenario_2_family_of_four_full_time_minimum_wage_earner,$637.00
Selected Expenses,Childcare,$637.00,NA,NA,NA,NA,"$1,414.00",NA,NA,NA,NA,NA,NA,NA,NA,NA,NA,NA,NA,NA,NA,NA,scenario_3_family_of_four_median_income,$637.00
Selected Expenses,Childcare,$637.00,NA,NA,NA,NA,"$1,414.00",NA,NA,NA,NA,NA,NA,NA,NA,NA,NA,NA,NA,NA,NA,NA,scenario_4_single_parent_household_with_2_children_ontario_works,$637.00
Selected Expenses,Childcare,$637.00,NA,NA,NA,NA,"$1,414.00",NA,NA,NA,NA,NA,NA,NA,NA,NA,NA,NA,NA,NA,NA,NA,scenario_5_one_person_household_ontario_works,NA
Selected Expenses,Transportation,$419.00,$156.00,$128.00,$775.00,$156.00,$619.00,$619.00,NA,NA,NA,NA,NA,NA,NA,NA,NA,NA,NA,NA,NA,NA,scenario_2_family_of_four_full_time_minimum_wage_earner,$882.00
Selected Expenses,Transportation,$419.00,$156.00,$128.00,$775.00,$156.00,$619.00,$619.00,NA,NA,NA,NA,NA,NA,NA,NA,NA,NA,NA,NA,NA,NA,scenario_3_family_of_four_median_income,$882.00
Selected Expenses,Transportation,$419.00,$156.00,$128.00,$775.00,$156.00,$619.00,$619.00,NA,NA,NA,NA,NA,NA,NA,NA,NA,NA,NA,NA,NA,NA,scenario_4_single_parent_household_with_2_children_ontario_works,$263.00
Selected Expenses,Transportation,$419.00,$156.00,$128.00,$775.00,$156.00,$619.00,$619.00,NA,NA,NA,NA,NA,NA,NA,NA,NA,NA,NA,NA,NA,NA,scenario_5_one_person_household_ontario_works,$156.00
Selected Expenses,Total,"$6,782.00","$3,109.00","$2,963.00","$4,011.00","$3,088.00","$6,107.00","$3,062.00",NA,NA,NA,NA,NA,NA,NA,NA,NA,NA,NA,NA,NA,NA,scenario_2_family_of_four_full_time_minimum_wage_earner,"$7,245.00"
Selected Expenses,Total,"$6,782.00","$3,109.00","$2,963.00","$4,011.00","$3,088.00","$6,107.00","$3,062.00",NA,NA,NA,NA,NA,NA,NA,NA,NA,NA,NA,NA,NA,NA,scenario_3_family_of_four_median_income,"$7,245.00"
Selected Expenses,Total,"$6,782.00","$3,109.00","$2,963.00","$4,011.00","$3,088.00","$6,107.00","$3,062.00",NA,NA,NA,NA,NA,NA,NA,NA,NA,NA,NA,NA,NA,NA,scenario_4_single_parent_household_with_2_children_ontario_works,"$5,089.00"
Selected Expenses,Total,"$6,782.00","$3,109.00","$2,963.00","$4,011.00","$3,088.00","$6,107.00","$3,062.00",NA,NA,NA,NA,NA,NA,NA,NA,NA,NA,NA,NA,NA,NA,scenario_5_one_person_household_ontario_works,"$2,670.00"
Other,Funds Remaining,"-$3,956.00","-$1,723.00",-$954.00,"-$1,561.00","-$1,662.00","-$1,777.00",-$269.00,NA,NA,NA,NA,NA,NA,NA,NA,NA,NA,NA,NA,NA,NA,scenario_2_family_of_four_full_time_minimum_wage_earner,"-$3,053.00"
Other,Funds Remaining,"-$3,956.00","-$1,723.00",-$954.00,"-$1,561.00","-$1,662.00","-$1,777.00",-$269.00,NA,NA,NA,NA,NA,NA,NA,NA,NA,NA,NA,NA,NA,NA,scenario_3_family_of_four_median_income,"$2,039.00"
Other,Funds Remaining,"-$3,956.00","-$1,723.00",-$954.00,"-$1,561.00","-$1,662.00","-$1,777.00",-$269.00,NA,NA,NA,NA,NA,NA,NA,NA,NA,NA,NA,NA,NA,NA,scenario_4_single_parent_household_with_2_children_ontario_works,"-$2,501.00"
Other,Funds Remaining,"-$3,956.00","-$1,723.00",-$954.00,"-$1,561.00","-$1,662.00","-$1,777.00",-$269.00,NA,NA,NA,NA,NA,NA,NA,NA,NA,NA,NA,NA,NA,NA,scenario_5_one_person_household_ontario_works,"-$1,793.00"
Other,Percentage of income required for rent,161,183,126,103,177,77,75,NA,NA,NA,NA,NA,NA,NA,NA,NA,NA,NA,NA,NA,NA,scenario_2_family_of_four_full_time_minimum_wage_earner,109
Other,Percentage of income required for rent,161,183,126,103,177,77,75,NA,NA,NA,NA,NA,NA,NA,NA,NA,NA,NA,NA,NA,NA,scenario_3_family_of_four_median_income,49
Other,Percentage of income required for rent,161,183,126,103,177,77,75,NA,NA,NA,NA,NA,NA,NA,NA,NA,NA,NA,NA,NA,NA,scenario_4_single_parent_household_with_2_children_ontario_works,128
Other,Percentage of income required for rent,161,183,126,103,177,77,75,NA,NA,NA,NA,NA,NA,NA,NA,NA,NA,NA,NA,NA,NA,scenario_5_one_person_household_ontario_works,239
Other,Percentage of income required to purchase healthy food,42,30,15,29,28,17,13,NA,NA,NA,NA,NA,NA,NA,NA,NA,NA,NA,NA,NA,NA,scenario_2_family_of_four_full_time_minimum_wage_earner,28
Other,Percentage of income required to purchase healthy food,42,30,15,29,28,17,13,NA,NA,NA,NA,NA,NA,NA,NA,NA,NA,NA,NA,NA,NA,scenario_3_family_of_four_median_income,13
Other,Percentage of income required to purchase healthy food,42,30,15,29,28,17,13,NA,NA,NA,NA,NA,NA,NA,NA,NA,NA,NA,NA,NA,NA,scenario_4_single_parent_household_with_2_children_ontario_works,33
Other,Percentage of income required to purchase healthy food,42,30,15,29,28,17,13,NA,NA,NA,NA,NA,NA,NA,NA,NA,NA,NA,NA,NA,NA,scenario_5_one_person_household_ontario_works,48
